{"cameraMode":{"drawMode":0,"name":"Shaded","section":"Shading Mode"},"sceneLighting":true,"audioPlay":false,"sceneViewState":{"showFog":true,"showMaterialUpdate":false,"showSkybox":true,"showFlares":true,"showImageEffects":true,"showParticleSystems":true},"in2DMode":false,"pivot":{"x":4.2096099853515629,"y":-1.2315477132797242,"z":4.901810646057129},"rotation":{"x":0.09732165187597275,"y":0.8487264513969421,"z":-0.16790488362312318,"w":0.49194103479385378},"size":10.0,"orthographic":false}