{"cameraMode":{"drawMode":0,"name":"Shaded","section":"Shading Mode"},"sceneLighting":false,"audioPlay":false,"sceneViewState":{"showFog":true,"showMaterialUpdate":false,"showSkybox":false,"showFlares":true,"showImageEffects":true,"showParticleSystems":true},"in2DMode":false,"pivot":{"x":-3.634500026702881,"y":2.0510001182556154,"z":5.677499771118164},"rotation":{"x":0.04941027611494064,"y":0.6135679483413696,"z":0.03851737454533577,"w":-0.7871590256690979},"size":7.207828998565674,"orthographic":false}