{"cameraMode":{"drawMode":0,"name":"Shaded","section":"Shading Mode"},"sceneLighting":true,"audioPlay":false,"sceneViewState":{"showFog":true,"showMaterialUpdate":false,"showSkybox":true,"showFlares":true,"showImageEffects":true,"showParticleSystems":true},"in2DMode":false,"pivot":{"x":-7.349999904632568,"y":3.049999952316284,"z":1.0500000715255738},"rotation":{"x":-0.05245359241962433,"y":-0.0293537899851799,"z":-0.0015493329847231508,"w":0.9982007741928101},"size":1.4282863140106202,"orthographic":false}