{"cameraMode":{"drawMode":0,"name":"Shaded","section":"Shading Mode"},"sceneLighting":true,"audioPlay":false,"sceneViewState":{"showFog":true,"showMaterialUpdate":false,"showSkybox":true,"showFlares":true,"showImageEffects":true,"showParticleSystems":true},"in2DMode":false,"pivot":{"x":-1.1245908737182618,"y":3.0256643295288088,"z":12.106046676635743},"rotation":{"x":-0.17920701205730439,"y":-0.5668706893920898,"z":0.1279398798942566,"w":-0.7938902974128723},"size":4.411712169647217,"orthographic":false}